Ei,Ef,deltaE,weight
-0.375971796221645,-0.370055565624297,0.00591623059734803,1.0023802835061
-0.374637611310187,-0.365455244388595,0.00918236692159202,1.00234400002538
-0.255887050863812,-0.260583292307501,-0.00469624144368885,1.00113819894604
-0.188737679364986,-0.179220431199027,0.009517248165959,1.0004701075641
-0.257228663796017,-0.255713540247107,0.00151512354891048,1.00114908859438
-0.280441079496768,-0.275243734768609,0.0051973447281593,1.00138010624745
-0.297658106548285,-0.296657587204335,0.00100051934395029,1.00159539571788
-0.207031686992373,-0.214631442783443,-0.00759975579107067,1.000708587458
-0.156570284214648,-0.151064628734482,0.00550565548016549,1.00014792921959
-0.319617510033238,-0.312475069324691,0.00714244070854697,1.00170936986617
-0.344180882699957,-0.346632483156466,-0.00245160045650883,1.00207048167371
-0.103132491877182,-0.0927184447961784,0.0104140470810041,0.999643263327464
-0.238566184766418,-0.239304181333176,-0.00073799656675741,1.00099942571507
-0.274186351491969,-0.263396261669388,0.0107900898225811,1.00134127842903
-0.337760592147251,-0.341975964734492,-0.00421537258724053,1.00190954811205
-0.286020912089251,-0.292748595202373,-0.00672768311312122,1.00142257823812
-0.281590296129671,-0.278648670702863,0.00294162542680804,1.0014639629414
-0.237623921808471,-0.238996147731857,-0.00137222592338593,1.00099534289387
-0.303315871818123,-0.297696453023988,0.00561941879413524,1.00159522026991
-0.290760377881356,-0.290541396435891,0.000218981445464117,1.00149349037624
-0.250581827130233,-0.248419401501238,0.00216242562899527,1.00109184495607
-0.360480963873405,-0.365061141422625,-0.00458017754921991,1.00221002776311
-0.350331308053106,-0.351032077553124,-0.000700769500018461,1.00208432428749
-0.248946643388369,-0.240632236105572,0.00831440728279692,1.00106902769027
-0.339569914143729,-0.339490493137861,7.94210058680522e-05,1.00202420994088
-0.37932736015269,-0.379111412686879,0.000215947465811495,1.00235425831091
-0.257258408960327,-0.256369081388809,0.000889327571518439,1.00118701892775
-0.222127819101805,-0.22480854803377,-0.0026807289319648,1.00078741145438
-0.189535909640359,-0.190227769053962,-0.000691859413603113,1.00047876355371
-0.236600899985393,-0.241955170631407,-0.00535427064601462,1.00092959364208
-0.32966558661997,-0.32830197130868,0.00136361531129031,1.00184472719932
-0.371789609769984,-0.374865036919964,-0.00307542714998016,1.00233032912088
-0.472509118358892,-0.470657583318997,0.00185153503989438,1.00327148023405
-0.377737257654155,-0.378212032416992,-0.000474774762836527,1.00236702529114
-0.303406065690486,-0.302951703929681,0.000454361760804378,1.00163445872
-0.225400195433056,-0.223461791182886,0.00193840425017081,1.00086324146741
-0.270179718195789,-0.276605366289584,-0.00642564809379559,1.00123858687225
-0.204964564071782,-0.211293597766576,-0.00632903369479459,1.0006429111356
-0.399493254201751,-0.402887991889153,-0.00339473768740167,1.00258888109218
-0.334403376817755,-0.323094344065873,0.0113090327518818,1.00196399109536
-0.116477479994059,-0.109001853387649,0.00747562660640998,0.999743957026369
-0.297137311415431,-0.305068996375445,-0.00793168496001412,1.00156547141529
-0.421058649422686,-0.418251634330783,0.00280701509190207,1.00281874478579
-0.382705584943266,-0.383463415923037,-0.000757830979771446,1.00239418041102
-0.29315492889101,-0.29567222564971,-0.00251729675869977,1.00153932151154
-0.321534580596986,-0.329503470812462,-0.00796889021547625,1.00181596194005
-0.362818990242837,-0.356272702659449,0.00654628758338749,1.00225110771177
-0.289663916278011,-0.294666136387951,-0.00500222010993978,1.00148222576346
-0.242516966719738,-0.24693754304056,-0.00442057632082191,1.0009926686756
-0.274715668035952,-0.286787554711435,-0.0120718866754838,1.00133352817318
-0.262123671142692,-0.256156904600966,0.00596676654172601,1.00123749760531
-0.478178079787022,-0.477561542203933,0.000616537583088439,1.00344170638294
-0.290014699024864,-0.29381073500272,-0.00379603597785566,1.00149008711507
-0.170984568517063,-0.180299383383002,-0.00931481486593949,1.00031310004776
-0.340695470522035,-0.330876009045315,0.00981946147671942,1.00194513519517
-0.390344906711194,-0.391108554875925,-0.000763648164730735,1.00249412318801
-0.176837396319318,-0.178231803493203,-0.00139440717388498,1.00040208633521
-0.338600829571448,-0.335042429702773,0.00355839986867462,1.00195195952693
-0.346902919592415,-0.344073029489619,0.00282989010279661,1.00207578771031
-0.356814344396361,-0.35163998455575,0.00517435984061149,1.00214718634733
-0.21630715791773,-0.222024321823592,-0.00571716390586183,1.00077676879961
-0.224259675774385,-0.216448652239144,0.00781102353524049,1.00087136804823
-0.327628764120294,-0.332076227131805,-0.004447463011511,1.00188268997648
-0.242882756555439,-0.235685066449983,0.00719769010545523,1.0010411839392
-0.153240257096006,-0.158885033706992,-0.00564477661098531,1.00009713683211
-0.186608245478559,-0.184138286485617,0.00246995899294211,1.00043759532947
-0.176757052783759,-0.1836599318531,-0.00690287906934123,1.00038505607229
-0.360268936773296,-0.352164201422651,0.00810473535064532,1.0021918984385
-0.243040808927918,-0.245907221957843,-0.00286641302992496,1.00103607923471
-0.308053146707584,-0.31093007883208,-0.0028769321244958,1.00169433475969
-0.355592866435071,-0.35880266810542,-0.0032098016703484,1.00208070879611
-0.329487076011998,-0.335309738044729,-0.00582266203273152,1.00188966795701
-0.294140306854853,-0.297795254773861,-0.00365494791900733,1.00153921116594
-0.359383909556122,-0.359726438412793,-0.000342528856670521,1.00217067027847
-0.306948406132504,-0.298937083192226,0.00801132294027795,1.00168692062314
-0.252133813316431,-0.26116766419819,-0.00903385088175823,1.00107555176514
-0.334029551192578,-0.328544972642315,0.00548457855026252,1.00199667533511
-0.286805906017409,-0.282803336346185,0.00400256967122464,1.00143932171309
-0.320728175043348,-0.313048699690092,0.00767947535325603,1.00180155616695
-0.30909124401856,-0.309595563989348,-0.000504319970787759,1.00169103583259
-0.424186143974905,-0.418740359411052,0.00544578456385281,1.00278000418209
-0.269414215555397,-0.26055168254098,0.00886253301441631,1.00128488644185
-0.317609169991525,-0.315274077106969,0.00233509288455541,1.00177337517033
-0.295369642804054,-0.286220288911628,0.00914935389242549,1.00156280352391
-0.393909019557528,-0.389843014539752,0.00406600501777638,1.00251970873738
-0.140239676314781,-0.139874500845964,0.000365175468816759,0.999955330762072
-0.221883640892472,-0.225873020290208,-0.00398937939773569,1.00079956507143
-0.261112980626539,-0.266458452785686,-0.00534547215914705,1.00120353891836
-0.268821983230555,-0.276281917644376,-0.00745993441382081,1.00124763743457
-0.269761771724911,-0.274384563547484,-0.00462279182257319,1.00131915115576
-0.361104589916275,-0.349760601864591,0.0113439880516849,1.00218696895826
-0.243938889090148,-0.241516198851077,0.00242269023907146,1.00105266174791
-0.194515424138018,-0.193386020995861,0.00112940314215734,1.00053931304062
-0.325016296173189,-0.326745248657624,-0.00172895248443555,1.00183011576157
-0.197686187331901,-0.197502736200209,0.000183451131692297,1.0005768773755
-0.368150503648843,-0.361677026892657,0.00647347675618676,1.002283170174
-0.305110296114833,-0.302248810814885,0.0028614852999489,1.00167422559258
-0.407230411294516,-0.409291614883189,-0.00206120358867368,1.00259315401143
-0.273768548303046,-0.269900191938029,0.00386835636501703,1.00133134498709
-0.17733753084355,-0.175995033414427,0.00134249742912323,1.00028538704275
-0.25477533975846,-0.250719187870549,0.00405615188791025,1.00114103438841
-0.285001895556797,-0.278272038437929,0.00672985711886787,1.00144359639003
-0.213152204713632,-0.211724903545583,0.00142730116804868,1.00069107482151
-0.33864212866854,-0.334858682961438,0.00378344570710204,1.00194492881314
-0.272991366253241,-0.277951738953934,-0.00496037270069294,1.00133638725131
-0.281373092060558,-0.287323601621804,-0.00595050956124688,1.00144093756305
-0.204231254895902,-0.196482284051871,0.00774897084403173,1.00059675706204
-0.248773337902208,-0.241865171927706,0.00690816597450167,1.00102337439708
-0.274408811714919,-0.263879360791199,0.0105294509237194,1.00138338096894
-0.372016420181377,-0.367559654230192,0.00445676595118527,1.00234233479615
-0.252565655984175,-0.259293178327691,-0.0067275223435157,1.00110564669304
-0.269211677487655,-0.27618730276415,-0.00697562527649459,1.00132596855788
-0.230167990639956,-0.235523460177233,-0.00535546953727778,1.00088087619825
-0.235381499048604,-0.227513580336398,0.0078679187122058,1.0009486048261
-0.266417581483345,-0.271594654806327,-0.00517707332298195,1.00123671950751
-0.189843943566221,-0.191693394565204,-0.00184945099898368,1.00052468200813
-0.133577124778261,-0.138774747423372,-0.00519762264511081,0.999982542309922
-0.284090122213505,-0.289755895110304,-0.00566577289679909,1.00139234981752
-0.254468244492967,-0.250623886827972,0.00384435766499475,1.00111608197629
-0.346793239068636,-0.355122764404023,-0.00832952533538694,1.00204641802545
-0.328250758575749,-0.337741662094167,-0.00949090351841814,1.00187107965867
-0.319896710367849,-0.308597989190794,0.0112987211770548,1.001762595058
-0.22656177844512,-0.219329666986291,0.00723211145882943,1.00088103514266
-0.332311175890702,-0.331183869469998,0.00112730642070441,1.00188258916581
-0.246101689356382,-0.245058640460787,0.00104304889559523,1.00108868481792
-0.216032030701759,-0.207768646807574,0.00826338389418568,1.00075088476687
-0.189469509976343,-0.187326871974664,0.00214263800167883,1.00048577020775
-0.325590485444753,-0.319772121238976,0.00581836420577675,1.00184895397232
-0.213632084281889,-0.211606305693498,0.00202577858839098,1.00074845160949
-0.343452558336022,-0.343627958990817,-0.000175400654795377,1.00204556340716
-0.38853297265016,-0.388106686049163,0.000426286600996251,1.00245674072776
-0.388057192080793,-0.384669521897949,0.00338767018284464,1.0024773598905
-0.256705809615737,-0.249186142890356,0.00751966672538099,1.0011891864871
-0.336788468415261,-0.337932414288104,-0.00114394587284244,1.00193533277987
-0.259212179464632,-0.258569834797899,0.00064234466673363,1.00117671879751
-0.412345304790246,-0.414434345692072,-0.00208904090182582,1.00273541183097
-0.195148479680925,-0.196996964719554,-0.00184848503862914,1.00052559695766
-0.201321473071022,-0.204322226787664,-0.00300075371664174,1.00059082509244
-0.229524476335422,-0.22517291463389,0.00435156170153231,1.00081753793852
-0.209840351642234,-0.202890496907165,0.00694985473506918,1.00069025588599
-0.277768762724645,-0.284701419655952,-0.00693265693130662,1.00133886142093
-0.33564843666402,-0.328281413064728,0.00736702359929237,1.00196274927799
-0.202717403119081,-0.209407030057547,-0.00668962693846623,1.0005782088885
-0.371310108433999,-0.372662565790387,-0.00135245735638839,1.00228684055703
-0.270356945980344,-0.261601081890928,0.00875586408941681,1.00127972827037
-0.196439892468063,-0.1858032096452,0.0106366828228634,1.0005649283603
-0.277733481805974,-0.271038951923235,0.006694529882739,1.0013381173983
-0.361171167888358,-0.34889745938896,0.0122737084993977,1.00214127945445
-0.327134957770893,-0.322888443464228,0.00424651430666473,1.00181575557976
-0.31993419502467,-0.307865441023092,0.0120687540015774,1.00179802907955
-0.23846583843244,-0.237925639210927,0.000540199221512883,1.00094879732473
-0.195496761223492,-0.1942005262858,0.00129623493769263,1.00058584346122
-0.271268250282391,-0.272349575996322,-0.00108132571393099,1.00128382432901
-0.286963298619492,-0.277313907602697,0.00964939101679535,1.00145689382877
-0.180229957273781,-0.172163626123083,0.00806633115069824,1.00038664995585
-0.265472552085619,-0.266692757671601,-0.00122020558598146,1.00122640987638
-0.234663967062224,-0.234339170013421,0.000324797048803172,1.00091611281675
-0.264370550632998,-0.262854911112513,0.00151563952048517,1.00121562111292
-0.141143978674572,-0.148319808627845,-0.00717582995327315,1.00005486394936
-0.219609353315414,-0.214687292135947,0.00492206117946667,1.00078334021338
-0.328952868095736,-0.333895640730182,-0.00494277263444598,1.00192777323705
-0.172004137146583,-0.17048361768681,0.00152051945977263,1.00030974309506
-0.385574616577831,-0.378807456953715,0.006767159624116,1.00243388794087
-0.375431935232049,-0.377147535252707,-0.00171560002065774,1.00231431188869
-0.377786936654529,-0.37681529712762,0.000971639526908652,1.0023920182277
-0.241797606079839,-0.239125878984401,0.00267172709543839,1.00100607856048
-0.287597011136745,-0.293155574544973,-0.00555856340822836,1.00139106074937
-0.235735820209276,-0.235736420961252,-6.00751975637914e-07,1.00094481511626
-0.267297859308459,-0.274128063599641,-0.00683020429118203,1.00124644617538
-0.344988329939153,-0.344279126198427,0.000709203740726083,1.00201989382032
-0.239939024943403,-0.238930737466557,0.00100828747684556,1.0010083338795
-0.362000495177085,-0.36372270121333,-0.00172220603624468,1.00221955059239
-0.356996314078042,-0.357103772029056,-0.000107457951013634,1.00215324989531
-0.250351871882566,-0.241419428046576,0.00893244383598976,1.00111459159494
-0.292585648151476,-0.288413515393733,0.00417213275774297,1.00145935180834
-0.40478166239033,-0.408823395064757,-0.00404173267442764,1.00259180692952
-0.257570758865736,-0.254566702828093,0.0030040560376427,1.00112335714043
-0.333548725589996,-0.329833335539687,0.00371539005030941,1.00185749304678
-0.22475079451193,-0.232077270168864,-0.00732647565693412,1.00086087986907
-0.236642283951112,-0.234352615384153,0.00228966856695881,1.0009823248924
-0.328757149894887,-0.330220429304767,-0.00146327940988028,1.00189849767911
-0.199192561569727,-0.194753619159645,0.00443894241008116,1.00060268634795
-0.285262305709613,-0.292881515450305,-0.00761920974069241,1.00139669444214
-0.285659558311791,-0.286371718890607,-0.000712160578816845,1.00148108826685
-0.310356575305798,-0.309164522425803,0.00119205287999502,1.00167761411548
-0.21065673869186,-0.206460284198666,0.00419645449319417,1.00072366132291
-0.219385101585978,-0.228293579293708,-0.00890847770772998,1.00067696527136
-0.315024748948852,-0.310580287436172,0.00444446151267974,1.00174968376903
-0.262294659475737,-0.266005037310684,-0.00371037783494704,1.00118901676126
-0.260499191722993,-0.249995175666594,0.0105040160563987,1.001214687471
-0.378682949350385,-0.384649412136541,-0.00596646278615631,1.00245627586332
-0.15413643009971,-0.151898490079848,0.00223794001986227,1.00011479066441
-0.525134040025661,-0.521002793182755,0.00413124684290622,1.00387933993661
-0.308008458122707,-0.309906688380617,-0.00189823025791042,1.0016424220985
-0.18199650325918,-0.180396163422652,0.00160033983652833,1.00042884471294
-0.216594829880147,-0.217117810071608,-0.000522980191460326,1.00075933658758
-0.360700091076167,-0.356970635419679,0.00372945565648791,1.00219307165224
-0.274970333905013,-0.284659789571105,-0.00968945566609208,1.00136913862472
-0.30498976740692,-0.305879932437814,-0.000890165030893619,1.00164405674888
-0.271328160118334,-0.271089186330081,0.000238973788252717,1.00127115030988
-0.14294632402344,-0.148453065192553,-0.00550674116911315,1.00004721635458
-0.345935725707401,-0.34330808785198,0.00262763785542081,1.00207616503073
-0.348696055065151,-0.342310936464564,0.00638511860058705,1.00206350045152
-0.341940758820959,-0.343457544199118,-0.00151678537815864,1.00200115854809
-0.322415841924148,-0.320497628329436,0.00191821359471178,1.00179359905348
-0.271954333863803,-0.273898262905822,-0.00194392904201934,1.00127708019762
-0.416548013609334,-0.420897252405527,-0.0043492387961927,1.00269662286274
-0.297228394057474,-0.295606957455661,0.00162143660181346,1.0015685706748
-0.263762615011887,-0.2635846741523,0.000177940859587611,1.00120792481776
-0.231505452944456,-0.229559450394516,0.00194600254994032,1.00087916219101
-0.189970443561473,-0.189431168727239,0.000539274834233661,1.00049508472804
-0.132846557507465,-0.137227137143213,-0.00438057963574748,0.999840936346099
-0.339272728770716,-0.330278281819446,0.0089944469512695,1.00197887932541
-0.2990071620152,-0.301676606096029,-0.00266944408082909,1.00157736358402
-0.238840255051404,-0.239757774970429,-0.000917519919024501,1.00100608495025
-0.34826868105823,-0.351085289190879,-0.00281660813264922,1.00204658335849
-0.315935104280839,-0.319836606739031,-0.00390150245819226,1.0017406448029
-0.32281630416422,-0.327904647702828,-0.00508834353860832,1.00181733222278
-0.30575686026711,-0.307673042861724,-0.00191618259461318,1.00164069284719
-0.294578395185115,-0.288983250094951,0.00559514509016346,1.00151228404791
-0.254499174959913,-0.24969032480458,0.00480885015533297,1.00109845793029
-0.234857567577072,-0.227924979588127,0.00693258798894478,1.00091570896275
-0.321561171929185,-0.326469556017533,-0.00490838408834759,1.00180984359898
-0.293618341484883,-0.297783705692361,-0.00416536420747787,1.00152251889506
-0.34604990642057,-0.345549607231203,0.000500299189367115,1.00207934673659
-0.421536086423441,-0.411970852487426,0.00956523393601461,1.00280098172747
-0.218430359105679,-0.210964776256448,0.00746558284923132,1.00076207752184
-0.208610755628049,-0.205434568120882,0.00317618750716686,1.00067590931078
-0.202967437336563,-0.200424921882206,0.00254251545435699,1.00063329591343
-0.153344835132546,-0.146105057379388,0.00723977775315807,1.00010194037445
-0.306759997919316,-0.30935742733723,-0.00259742941791397,1.00162586514865
-0.235563016167499,-0.237411494569433,-0.00184847840193456,1.0010192129861
-0.211206342479722,-0.219389766725256,-0.00818342424553464,1.00072965286353
-0.14053874669657,-0.13158019526978,0.00895855142678956,1.0000310483199
-0.343105732962078,-0.340475260116941,0.00263047284513762,1.00204487611926
-0.360378940256014,-0.361833474112242,-0.00145453385622785,1.00220876831277
-0.266251527731481,-0.255644986737716,0.0106065409937648,1.00128104617707
-0.258894043495257,-0.258101458083647,0.000792585411609148,1.00112541955561
-0.407751744584819,-0.402191290436334,0.00556045414848538,1.00264347657559
-0.213291651803949,-0.210446779785421,0.00284487201852865,1.00069325517247
-0.0430923745278683,-0.0468663074273236,-0.00377393289945525,0.99900326984082
-0.156220493241784,-0.156937464975623,-0.000716971733839167,1.00016985817417
-0.157603622097132,-0.158973505833516,-0.00136988373638347,1.00012618244112
-0.147900950181587,-0.150527236397916,-0.00262628621632841,1.00003667863194
-0.392902252445045,-0.394838820746389,-0.00193656830134359,1.00249187860431
-0.404556552474894,-0.4010645004985,0.00349205197639474,1.00265949669743
-0.200470864816403,-0.200222889492472,0.000247975323931504,1.00057437224062
-0.357790131725869,-0.355107477136159,0.00268265458970934,1.00215079309099
-0.237706433643248,-0.244273434464775,-0.0065670008215267,1.00098596074023
-0.352434038685267,-0.357152941678224,-0.00471890299295685,1.00214336340553
-0.188064954661206,-0.185074915485384,0.0029900391758215,1.00053580189138
-0.256653260347762,-0.258266051923159,-0.00161279157539734,1.00119745306006
-0.247219869797628,-0.252366226888579,-0.00514635709095038,1.00102132907458
-0.426055587139927,-0.427008205700195,-0.000952618560267737,1.00286130667524
-0.237205087490202,-0.239581471472816,-0.00237638398261403,1.00097560793664
-0.145608820808039,-0.143535763246305,0.00207305756173382,1.00007042224899
-0.388320155052746,-0.386555319885228,0.00176483516751785,1.00251791907947
-0.307755678632554,-0.312739983865222,-0.00498430523266807,1.00168678282975
-0.182133838723796,-0.192034405606863,-0.00990056688306695,1.00039655022484
-0.322370002510963,-0.324285162190851,-0.00191515967988715,1.00185923492077
-0.181293372401412,-0.176051897135462,0.00524147526595056,1.00041829785435
-0.211302995718765,-0.218583276942439,-0.00728028122367408,1.00066404361548
-0.145911777802689,-0.146576174571555,-0.00066439676886601,1.00002377514835
-0.275627998798608,-0.27268829376903,0.0029397050295778,1.00132707001889
-0.361327377638765,-0.36027059931806,0.00105677832070483,1.00225442327279
-0.237945018651625,-0.237467985122652,0.000477033528973353,1.00093355308777
-0.320935214250267,-0.316608749291484,0.00432646495878264,1.00177700493417
-0.321189732486136,-0.311845621192016,0.00934411129412083,1.00179791934363
-0.26635195160048,-0.263159931531118,0.00319202006936287,1.00127100001429
-0.204993724095121,-0.205166566302598,-0.000172842207476681,1.00064109941814
-0.293868195563198,-0.293170773624051,0.000697421939146514,1.00149626337445
-0.196187518899472,-0.199305629066283,-0.00311811016681118,1.00059450820067
-0.246660987047173,-0.247450579070064,-0.000789592022890695,1.00106154119624
-0.255651395777204,-0.255221559669764,0.000429836107439685,1.00112546607298
-0.35450784432837,-0.346208585323141,0.00829925900522949,1.00212438295078
-0.342371052044343,-0.353783263643862,-0.0114122115995187,1.00201638155173
-0.316088539177396,-0.310907111607808,0.00518142756958745,1.00176495578619
-0.286969443308543,-0.299152724738446,-0.0121832814299029,1.00149862051397
-0.306261455010522,-0.304519856876512,0.00174159813401037,1.00160433943347
-0.258200804924726,-0.264018826420479,-0.00581802149575289,1.00122002446645
-0.2588760869203,-0.267747214309649,-0.00887112738934831,1.00117882993185
-0.382030713536279,-0.380709068490732,0.00132164504554705,1.00248190149071
-0.176433866515858,-0.182589905813043,-0.00615603929718445,1.00036639390361
-0.3672699807056,-0.366658669260534,0.000611311445066764,1.00220898265422
-0.244026744400442,-0.24769300150076,-0.00366625710031765,1.00103281468518
-0.253138390659514,-0.244570452690847,0.00856793796866703,1.00113873344649
-0.224319747506936,-0.222072642506647,0.0022471050002888,1.00080835081663
-0.105795178784767,-0.110066389229672,-0.00427121044490439,0.999633183865404
-0.355318809911711,-0.353701257115534,0.00161755279617765,1.00212191782516
-0.418548309908989,-0.409180190046562,0.00936811986242625,1.00277599356733
-0.302709956974547,-0.29841702113104,0.00429293584350698,1.00162502015271
-0.273127989213468,-0.28414364602278,-0.0110156568093125,1.00133694192483
-0.273947296253018,-0.275064144127647,-0.00111684787462984,1.00132184920836
-0.443449469217822,-0.441977728238415,0.00147174097940667,1.00299307425773
-0.309714933584606,-0.318422678198575,-0.00870774461396912,1.00171350665612
-0.422662720573286,-0.412697110187799,0.00996561038548782,1.00278058511581
-0.321442039028513,-0.318834091208762,0.00260794781975077,1.00180361384097
-0.240016833894291,-0.229520493334972,0.0104963405593189,1.00105950815937
-0.131150594499347,-0.137880632454387,-0.00673003795503926,0.999922998215388
-0.2569260354283,-0.240772546457479,0.016153488970821,1.00111317955649
-0.443946073310508,-0.435812344931436,0.008133728379072,1.00302831187676
-0.312531922450203,-0.313611684994274,-0.00107976254407099,1.00168904216443
-0.292828926690267,-0.289985686723892,0.00284323996637437,1.0015462504359
-0.348242549418967,-0.35095613709167,-0.00271358767270352,1.00202082671268
-0.421335640231772,-0.416703055344079,0.00463258488769214,1.00280114102088
-0.30082435023588,-0.30118240795431,-0.000358057718430171,1.00158462082157
-0.392710921752315,-0.400865622595217,-0.00815470084290221,1.00253678383454
-0.290877702225105,-0.292067047771843,-0.00118934554673844,1.00153594620472
-0.231309441394363,-0.23709150454256,-0.00578206314819746,1.00098587551247
-0.320781671096748,-0.320418958492724,0.000362712604024484,1.00178556665579
-0.336723805363504,-0.336161712394388,0.000562092969115746,1.00193781954735
-0.296470281255568,-0.305460167664356,-0.00898988640878834,1.00149158236688
-0.332124532565108,-0.328889495583305,0.00323503698180305,1.00193873631501
-0.182472041809434,-0.189441554375434,-0.00696951256600048,1.00040711774742
-0.175265452049,-0.18002741432149,-0.00476196227249004,1.00033247283951
-0.314865657835155,-0.316858680315255,-0.00199302248009953,1.00174479049983
-0.387353616264891,-0.379895873017514,0.00745774324737669,1.002486065837
-0.164621781603838,-0.157226236646058,0.00739554495778033,1.00024390716579
-0.219910964345162,-0.218630563609327,0.00128040073583577,1.00075643147109
-0.190682238549441,-0.194309028466459,-0.00362678991701762,1.00050766917877
-0.197956627349092,-0.195885326563982,0.00207130078510973,1.00057596237544
-0.31141176528057,-0.321782594632541,-0.0103708293519709,1.00171700622014
-0.138897822998553,-0.132494811465538,0.00640301153301581,1.00001489219687
-0.20953217891376,-0.199388710851381,0.010143468062379,1.00065457240141
-0.255000956794996,-0.248786724428801,0.00621423236619523,1.0011253152685
-0.369601804645842,-0.36323290948997,0.00636889515587191,1.00227713492971
-0.32632087506786,-0.326519967221607,-0.000199092153746361,1.0018769465287
-0.260374872204502,-0.255695931765684,0.00467894043881806,1.00123225580787
-0.346570415705459,-0.345286724337575,0.00128369136788464,1.00206453094823
-0.195762339901884,-0.188432069034569,0.00733027086731519,1.00053506449661
-0.231405747408513,-0.223562139372494,0.00784360803601922,1.00089952459182
-0.155062269945612,-0.159021484260863,-0.00395921431525068,1.00018404891287
-0.370987146881635,-0.372387306879621,-0.00140015999798576,1.00229759511592
-0.395452592889314,-0.392482646418153,0.00296994647116094,1.00251942505339
-0.40376312897083,-0.39926843065544,0.00449469831538984,1.00255986086348
-0.206715619579384,-0.213000493968348,-0.00628487438896391,1.00065508485593
-0.368017753788125,-0.356993285180812,0.0110244686073127,1.00226937098704
-0.257804012193414,-0.263383443180493,-0.00557943098707919,1.00121015636074
-0.172112496650974,-0.167124413145951,0.00498808350502267,1.00027434749752
-0.274289858979713,-0.27865094702671,-0.00436108804699736,1.0013116170194
-0.213550820179848,-0.218039153936753,-0.00448833375690433,1.00069921764599
-0.53794890480422,-0.53288730735653,0.00506159744768941,1.00396161580111
-0.286242199553537,-0.280574563832787,0.00566763572075013,1.00146118598478
-0.32732962712125,-0.333288526711091,-0.00595889958984097,1.00186181099132
-0.401264678532245,-0.402801224193578,-0.00153654566133293,1.00257565094529
-0.122463858877241,-0.129363840582723,-0.00689998170548231,0.99979901563929
-0.282513167825792,-0.282935657822007,-0.000422489996215025,1.00135693982168
-0.283994439721577,-0.272924301668981,0.0110701380525963,1.00141725765703
-0.109165861482402,-0.107486166886886,0.00167969459551653,0.999629344806488
-0.339105797759196,-0.332364369393065,0.00674142836613106,1.00203830420777
-0.196388456704675,-0.194270508934737,0.00211794776993784,1.00051705606641
-0.42004092122775,-0.419363659720729,0.000677261507020743,1.00275376014682
-0.456360645855257,-0.445648570551243,0.0107120753040147,1.00318016250805
-0.365379325458336,-0.365530873530359,-0.000151548072022389,1.00221035886895
-0.293575806904286,-0.291702201240799,0.00187360566348715,1.0015318634139
-0.30191510002951,-0.302635455060472,-0.000720355030962461,1.00165137280638
-0.416613161174196,-0.421295375099313,-0.00468221392511697,1.00273779399224
-0.241334875250968,-0.234970419201766,0.00636445604920258,1.00096387551837
-0.357866746819371,-0.355875890837769,0.00199085598160287,1.00216787641183
-0.276304095658526,-0.264932263361371,0.0113718322971543,1.00139661042157
-0.27665928169532,-0.274459040364448,0.00220024133087221,1.00132097183968
-0.234794616187277,-0.232464925627418,0.00232969055985938,1.00100322962513
-0.248688896729411,-0.250856311280607,-0.00216741455119551,1.00110417608087
-0.105249151587961,-0.102534638278393,0.00271451330956819,0.999643554335326
-0.307343917339276,-0.305756362854268,0.00158755448500753,1.00165163607221
-0.349364201436668,-0.346821365670404,0.00254283576626485,1.00208809764552
-0.310074374219622,-0.308110059320856,0.00196431489876647,1.00170883525133
-0.428022607568222,-0.4230935206692,0.00492908689902127,1.00289998741473
-0.156450419760788,-0.145927675666919,0.0105227440938683,1.00009145283434
-0.301864306028838,-0.295901747609082,0.00596255841975679,1.0016067243971
-0.316458357968021,-0.308874597613495,0.00758376035452646,1.00174981078739
-0.169377197548595,-0.178885635035346,-0.00950843748675054,1.0003925533375
-0.372419502533736,-0.373957880727495,-0.00153837819375918,1.00226658204011
-0.242754136291574,-0.245271013206795,-0.0025168769152209,1.0009527901794
-0.193492872880709,-0.202010455571804,-0.00851758269109557,1.0005990296755
-0.376263843354408,-0.371699486784992,0.00456435656941651,1.00232146219015
-0.339200628354769,-0.342417366000049,-0.0032167376452793,1.00198509687608
-0.317525183183658,-0.322657608934215,-0.00513242575055645,1.00178300584617
-0.17050138665208,-0.167349737321327,0.00315164933075232,1.0003005838428
-0.347312419705256,-0.350583753074914,-0.00327133336965785,1.00209611639319
-0.22861206074952,-0.228740819296824,-0.000128758547304514,1.0008931007323
-0.119147111882577,-0.115760589432103,0.00338652245047476,0.99977552935767
-0.361053622940574,-0.360367375429396,0.000686247511178406,1.00224308473127
-0.298370305633861,-0.300091829027709,-0.00172152339384846,1.00157357866771
-0.247731114485508,-0.247242989563942,0.000488124921565913,1.00109158877258
-0.422411117272033,-0.421631326316895,0.000779790955137416,1.00282676957484
-0.221587254415708,-0.220633605205893,0.000953649209814278,1.0008313268406
-0.175314332862317,-0.162415153138931,0.0128991797233863,1.0003721503736
-0.17485050873509,-0.169483192686619,0.00536731604847157,1.00032655096137
-0.286204610266895,-0.301537054397942,-0.0153324441310465,1.00148158271693
-0.299252102276158,-0.301242163115246,-0.00199006083908798,1.00155842699591
-0.315215621751234,-0.320803602135632,-0.00558798038439789,1.00173280668621
-0.259607247685701,-0.247303113739821,0.0123041339458803,1.00120028394775
-0.292198808461307,-0.295516838879224,-0.00331803041791739,1.00153254856311
-0.273997934270639,-0.290145551425274,-0.016147617154635,1.00134274168521
-0.362917846063696,-0.35927905755232,0.00363878851137589,1.00222069089136
-0.0820143056887263,-0.0836745608805345,-0.00166025519180821,0.999398321563534
-0.218142688379357,-0.225524736865599,-0.00738204848624172,1.0007395474569
-0.348269539964891,-0.352075782630827,-0.00380624266593566,1.00209395381084
-0.215512340398135,-0.209107895783095,0.00640444461503978,1.00077672956768
-0.38270583902519,-0.378431107735478,0.00427473128971206,1.00237957670374
-0.151199024115988,-0.149339616871455,0.00185940724453343,1.00013247737557
-0.292230930677964,-0.282932240248879,0.00929869042908515,1.0015378622586
-0.406184772341353,-0.409474543603531,-0.00328977126217794,1.00263071894216
-0.224299537068719,-0.216270309578282,0.00802922749043666,1.00085092290999
-0.440237835831545,-0.444883073589571,-0.00464523775802517,1.00297836526487
-0.215309272702193,-0.205286803347322,0.0100224693548705,1.0007713112399
-0.120012213766783,-0.119533170604472,0.000479043162311385,0.999807341386937
-0.42193624901402,-0.424290410258226,-0.00235416124420551,1.00281061084222
-0.185023731629997,-0.185546307941916,-0.000522576311919293,1.00042691544467
-0.287299506707966,-0.288434059111187,-0.00113455240322108,1.00149428353807
-0.372207368928126,-0.37184402748534,0.000363341442786325,1.00231050630538
-0.425887703313278,-0.428608293161175,-0.00272058984789697,1.00283551079164
-0.302917530101284,-0.291683259671868,0.011234270429416,1.00163305794754
-0.373930126367995,-0.381561946580003,-0.00763182021200803,1.0023402738244
-0.323797997028758,-0.330345606736831,-0.00654760970807344,1.00182709976929
-0.0686286618459158,-0.0733035042266244,-0.00467484238070864,0.999307463683495
-0.409981781070048,-0.396601079625094,0.0133807014449542,1.00266053777845
-0.28491226512931,-0.282348621924722,0.0025636432045873,1.00142828292173
-0.231295172219129,-0.22179755704164,0.00949761517748893,1.00091048192868
-0.275108218489154,-0.277116167391251,-0.00200794890209771,1.00131187171169
-0.257073463889669,-0.259299081587146,-0.00222561769747781,1.00115346229132
-0.323740773820748,-0.313447026589886,0.0102937472308623,1.00181609615745
-0.283028925161093,-0.283464277807377,-0.000435352646284026,1.0014323483258
-0.218003044040946,-0.224783098580056,-0.00678005453911018,1.00075616572889
-0.33338104311867,-0.329157043618844,0.00422399949982577,1.00195261328171
-0.273800089992858,-0.277370446579909,-0.00357035658705057,1.00133337940683
-0.461178643471635,-0.457082874474528,0.00409576899710612,1.00322530865869
-0.261684757471374,-0.255641668655826,0.00604308881554816,1.00121226452249
-0.406735070636065,-0.408013564376063,-0.00127849373999855,1.0026689650251
-0.416521961731507,-0.413321758930419,0.00320020280108796,1.00273278397043
-0.298217843260078,-0.296206361700251,0.00201148155982717,1.00157860433253
-0.418916236965992,-0.424572815007975,-0.00565657804198305,1.00274022340752
-0.168838076435092,-0.167493837865206,0.00134423856988616,1.00026438441177
-0.424920608370466,-0.428113325139883,-0.00319271676941679,1.0028390235214
-0.135141551517774,-0.127066297202507,0.00807525431526682,0.999931602613293
-0.278427164554638,-0.279104840863828,-0.000677676309190078,1.0013680181239
-0.248634231263695,-0.243971521447632,0.00466270981606329,1.00107936039558
-0.416668557087194,-0.417462744779276,-0.000794187692081783,1.00274485682133
-0.3455360139038,-0.342305532431988,0.00323048147181204,1.00203727070401
-0.274834848433812,-0.280767460997622,-0.00593261256380984,1.00130008930794
-0.326976290231353,-0.322900632505641,0.00407565772571172,1.0018010556122
-0.170685158946372,-0.173654267378901,-0.00296910843252857,1.00027608529858
-0.284877277015297,-0.276872022440906,0.00800525457439111,1.00143678986345
-0.313875190248958,-0.313279207026542,0.000595983222416052,1.00174468807128
-0.264615703394125,-0.266556599385525,-0.00194089599140013,1.00126980175956
-0.127018388123552,-0.126025216252835,0.000993171870716208,0.999867374373579
-0.227478790382885,-0.218711896788173,0.00876689359471244,1.0008848875848
-0.360254168166768,-0.357292447978232,0.00296172018853591,1.00223911751485
-0.292874384996808,-0.29631227492007,-0.00343788992326233,1.00151096790993
-0.254073132108348,-0.252745462794724,0.00132766931362344,1.0010821937946
-0.349450451599375,-0.337266848824362,0.0121836027750131,1.00208436610769
-0.491393873787435,-0.494828882653436,-0.0034350088660009,1.00349787349955
-0.221715627933781,-0.21578860913293,0.00592701880085172,1.00081218272185
-0.274697798346636,-0.278219194113514,-0.00352139576687749,1.00135046215901
-0.217966879050442,-0.211343647659337,0.00662323139110499,1.00081142492904
-0.268515935316484,-0.267343343201215,0.00117259211526816,1.00129876170969
-0.21179550082391,-0.216678946196539,-0.00488344537262811,1.00070626744713
-0.117536975773695,-0.121286002487794,-0.00374902671409913,0.999758726767257
-0.315776832051134,-0.329889401344324,-0.0141125692931905,1.00178693502803
-0.282316028352158,-0.273241674703857,0.0090743536483005,1.00140483729846
-0.270859305995818,-0.269432580489623,0.0014267255061946,1.00131112004957
-0.235474198242311,-0.23503394538283,0.000440252859480628,1.00095647751642
-0.365593262423135,-0.370926529650971,-0.00533326722783606,1.00219659243761
-0.325447274055525,-0.310123064099634,0.0153242099558904,1.00186195240825
-0.271639997904351,-0.263892295879905,0.00774770202444641,1.00125307987629
-0.27039878327153,-0.274555742272675,-0.00415695900114493,1.00131538045288
-0.202953029614645,-0.201911750382047,0.00104127923259803,1.00062206160311
-0.37512024589366,-0.37043777513599,0.00468247075766959,1.00233980242275
-0.24611856257209,-0.247509892680279,-0.00139133010818895,1.00103390017041
-0.157262584300904,-0.149040791792248,0.00822179250865634,1.0001770816993
-0.212939452563044,-0.213619094455831,-0.000679641892787103,1.00071032413966
-0.330309947758096,-0.323228679894131,0.00708126786396507,1.00191406415833
-0.0239573676404806,-0.0287390015820984,-0.00478163394161786,0.998881014086834
-0.404198674523505,-0.40165913942992,0.00253953509358479,1.00261558655457
-0.234380684314878,-0.238650946381529,-0.00427026206665057,1.00091382178625
-0.36284078839265,-0.359888269323391,0.00295251906925981,1.00220136579014
-0.197138591987867,-0.193179147502153,0.00395944448571434,1.00051776015029
-0.32131005793233,-0.328282085238341,-0.00697202730601071,1.00181670239744
-0.252786906487203,-0.25752466911624,-0.00473776262903725,1.00109266463459
-0.213244085076027,-0.207655828201727,0.00558825687429959,1.00070129004392
-0.218863359244542,-0.226022205504429,-0.007158846259887,1.00079601464353
-0.272035772788216,-0.26742604172917,0.00460973105904633,1.00126670857369
-0.14600789102145,-0.145734212097481,0.000273678923968956,0.999981305056193
-0.143521188593506,-0.157203173794417,-0.0136819852009112,0.999979447129004
-0.273931585036214,-0.272068857017775,0.00186272801843912,1.00127719780075
-0.111787930410891,-0.111467028938884,0.000320901472006793,0.99969975724453
-0.35138675502486,-0.35366758920025,-0.00228083417539027,1.00211599647763
-0.253293386861539,-0.23785479152194,0.0154385953395995,1.00112857081534
-0.19346412430406,-0.201027725611893,-0.00756360130783357,1.00049574995488
-0.109494985253819,-0.112678801207039,-0.00318381595321941,0.999707487323799
-0.256626118022201,-0.251887653689987,0.00473846433221459,1.00112353893673
-0.237228431257275,-0.233830947063888,0.00339748419338762,1.00098281736869
-0.267592802106891,-0.275583457321359,-0.00799065521446823,1.00123441773837
-0.275553791954911,-0.273528203404041,0.00202558855086971,1.00138613793406
-0.347340625269145,-0.351797325235281,-0.00445669996613629,1.00208130796051
-0.241611735534231,-0.244255378997135,-0.00264364346290447,1.00101656921753
-0.244444206726499,-0.247572426058179,-0.0031282193316802,1.00100730315905
-0.151057392682568,-0.154869474897458,-0.0038120822148893,1.00013326442991
-0.403642223249544,-0.39634025672169,0.00730196652785475,1.00255614094745
-0.306973338283727,-0.313106472382951,-0.00613313409922378,1.00165608580845
-0.288050765141017,-0.292018382096027,-0.00396761695500997,1.00152036357762
-0.226083084574997,-0.230712742714188,-0.00462965813919078,1.00084783771732
-0.375759606100395,-0.376364943990721,-0.000605337890326074,1.00234409837447
-0.372578712154003,-0.370600899781568,0.00197781237243438,1.0023264963845
-0.232007828406303,-0.247416512588084,-0.0154086841817808,1.00090821603788
-0.359068107578203,-0.360702143234359,-0.00163403565615616,1.0021482402572
-0.256650462052586,-0.259750370486849,-0.00309990843426367,1.00118508918995
-0.418770360416514,-0.412543240252287,0.00622712016422677,1.00275427302982
-0.229497341880737,-0.224083225401119,0.00541411647961804,1.00088854235103
-0.38414806909241,-0.38742263491518,-0.00327456582276947,1.002434828508
-0.339483703705513,-0.340817250877574,-0.00133354717206086,1.00197775316605
-0.282202454000162,-0.280969823808318,0.0012326301918445,1.00139459605292
-0.22219247980598,-0.216620074756001,0.00557240504997916,1.00085975161498
-0.260461301105328,-0.268569163539502,-0.00810786243417461,1.00119630402389
-0.319157439830899,-0.320995865806399,-0.00183842597549994,1.00174217742679
-0.240465373563655,-0.238135654366919,0.00232971919673625,1.00100985485531
-0.241845104346941,-0.247341724361055,-0.00549662001411319,1.00107959738022
-0.29591485419425,-0.297919893041038,-0.00200503884678849,1.00156710643254
-0.268447623704088,-0.269983165789374,-0.00153554208528572,1.0013095336216
-0.367241081089288,-0.376623300937267,-0.00938221984797938,1.00223065609221
-0.246767583689671,-0.254660421288643,-0.00789283759897136,1.00107917032744
-0.237683916873142,-0.234433503305842,0.00325041356729991,1.00092302927833
-0.46107550015927,-0.462157211714586,-0.00108171155531545,1.00321786612224
-0.165200683878147,-0.167020434113776,-0.00181975023562925,1.0002357944785
-0.263186999176639,-0.262362354125579,0.000824645051060391,1.00122618551834
-0.441900893469727,-0.432863245721172,0.00903764774855564,1.00297817930607
-0.213428271596552,-0.215613281682579,-0.00218501008602745,1.00074860506838
-0.249218382102285,-0.256525786419634,-0.00730740431734961,1.00108942453157
-0.391055547960448,-0.389898000291077,0.00115754766937071,1.0024835762824
-0.266922945347999,-0.260303722944183,0.00661922240381679,1.00125165789667
-0.16478328671936,-0.171020766637558,-0.00623747991819718,1.00019815448531
-0.237646122844805,-0.237140556205946,0.000505566638858146,1.0009010329936
-0.34725524428121,-0.340231304942965,0.00702393933824502,1.00205278617064
-0.214251352196235,-0.209824237011812,0.00442711518442218,1.00073124122765
-0.310083073137976,-0.303747815762255,0.00633525737572188,1.00174472978097
-0.353898168627654,-0.351011645096426,0.00288652353122809,1.00209810209763
-0.204822296078556,-0.203557011561655,0.00126528451690167,1.00061495484536
-0.300690617379932,-0.305191613905041,-0.00450099652510927,1.00162325173762
-0.317224903469152,-0.316157671347453,0.00106723212169907,1.00174304991996
-0.308809170190666,-0.317359846098378,-0.00855067590771241,1.00165304711427
-0.357896290589613,-0.362099574215051,-0.00420328362543854,1.00211114114438
-0.13335462885825,-0.139085210428352,-0.00573058157010192,0.999875731613497
-0.124670407451667,-0.125729325795696,-0.00105891834402916,0.99978854443054
-0.346965765142737,-0.33586347652285,0.0111022886198869,1.00203767064479
-0.333628434914356,-0.32512812667221,0.00850030824214543,1.00192246893926
-0.256902138435205,-0.249037468797641,0.00786466963756438,1.00115885840952
-0.34547625862568,-0.334703793328602,0.0107724652970788,1.0020749437674
-0.208835868432088,-0.209476752127833,-0.000640883695745498,1.00068327804516
-0.23097794824613,-0.232063352186499,-0.00108540394036957,1.00093415209587
-0.26084623208815,-0.247110443457089,0.0137357886310612,1.00125468644895
-0.202240153646081,-0.197810326233088,0.00442982741299236,1.000603943992
-0.27422332123705,-0.269310967883655,0.00491235335339413,1.00136251770155
-0.257529884589815,-0.26064164850177,-0.00311176391195556,1.00117807950318
-0.361133055147898,-0.361998099707653,-0.000865044559754391,1.00221292129457
-0.277447261325662,-0.271506779002931,0.0059404823227312,1.00138807343576
-0.146712145232901,-0.143998544237311,0.00271360099558987,1.00007605782541
-0.19684070223092,-0.196158892148256,0.000681810082663797,1.00054044567631
-0.409274098097356,-0.408333228111895,0.000940869985461557,1.0027098771474
-0.239998624954872,-0.243418306948459,-0.00341968199358658,1.00103505906269
-0.247695695386862,-0.242226974678993,0.00546872070786869,1.00104347494843
-0.260065928815013,-0.269939134789694,-0.009873205974681,1.00122797746938
-0.38614930248323,-0.380855445445425,0.00529385703780455,1.00251724904267
-0.393955455473936,-0.39987155229629,-0.00591609682235428,1.00252475598001
-0.319812960492347,-0.314790807967257,0.00502215252509025,1.00179165923563
-0.366157200243502,-0.367498990237283,-0.00134178999378098,1.00229988893642
-0.154753113122124,-0.146594377840151,0.00815873528197353,1.00014530562501
-0.305549280143125,-0.305839961727345,-0.000290681584220243,1.00163274767248
-0.249815265536928,-0.254100455617584,-0.00428519008065581,1.00107167585765
-0.452131075596798,-0.456776579335014,-0.00464550373821637,1.003143824625
-0.244069990567483,-0.247622331054217,-0.00355234048673331,1.00107245669864
-0.310441516823405,-0.305246520910066,0.00519499591333883,1.00174631533114
-0.361160118426501,-0.354625934534276,0.0065341838922251,1.00220227687859
-0.204412905267962,-0.206429704693825,-0.00201679942586255,1.00064727222192
-0.309549513970159,-0.301886994826176,0.00766251914398297,1.00167422926223
-0.405707559087407,-0.411099466867184,-0.00539190777977755,1.00259541208006
-0.266398115297562,-0.268647006769156,-0.00224889147159363,1.00128128008445
-0.336263903061921,-0.340556962246106,-0.00429305918418516,1.00190096549861
-0.330079587117046,-0.331227514430595,-0.00114792731354879,1.00190361195157
-0.363323857908629,-0.36164718229363,0.00167667561499885,1.00218495201569
-0.411782487711615,-0.409234300182216,0.00254818752939867,1.00265822050084
-0.27265486809256,-0.265600574851442,0.00705429324111789,1.00130685622773
-0.300042905403898,-0.293930511818043,0.00611239358585502,1.00163003871871
-0.277402777642755,-0.270208964944965,0.00719381269779035,1.00135276711422
-0.141708163772612,-0.14545288293526,-0.00374471916264793,1.00003817612149
-0.244638703727887,-0.245217257177441,-0.000578553449554736,1.00106817848714
-0.208214061261959,-0.214242481895998,-0.00602842063403819,1.0006487592629
-0.108729967332172,-0.110787765439071,-0.00205779810689957,0.99967576735884
-0.355550435514541,-0.364567768730862,-0.00901733321632153,1.0021350762476
-0.283008354684019,-0.276515211358027,0.0064931433259916,1.00147119581146
-0.185837250046137,-0.184143655927695,0.00169359411844208,1.0004634753743
-0.319482643733516,-0.320969075306815,-0.00148643157329875,1.00177206698608
-0.208133592512861,-0.204967470285507,0.0031661222273536,1.00071918819415
-0.192636423377077,-0.195661923573285,-0.00302550019620795,1.00054076107613
-0.425630251677392,-0.424317620786618,0.00131263089077455,1.00278708912219
-0.198063338762208,-0.198346534731469,-0.000283195969260797,1.00058925023464
-0.400843758570093,-0.400416065650096,0.000427692919997391,1.00259806549888
-0.458644746105822,-0.464176398033365,-0.0055316519275424,1.00319897885392
-0.320153608119812,-0.318128880006476,0.00202472811333615,1.00180043775701
-0.204337809762004,-0.20171652475253,0.00262128500947351,1.00059598836256
-0.295460924031556,-0.287451928854574,0.00800899517698206,1.00159545694569
-0.182327921116111,-0.18048049640273,0.00184742471338128,1.00046079814413
-0.295680009338231,-0.297206747926069,-0.00152673858783792,1.00156638915988
-0.275806878002305,-0.272759318965221,0.00304755903708481,1.00136815901021
-0.231451424571192,-0.21925516464661,0.0121962599245825,1.00092555195255
-0.362238451392675,-0.356321491514978,0.00591695987769614,1.00222295336625
-0.411458410514243,-0.413278212248435,-0.00181980173419211,1.00274484431393
-0.138269696697843,-0.141312817668338,-0.00304312097049517,0.999924165796229
-0.345109601411711,-0.349120306450923,-0.00401070503921169,1.00200305144906
-0.170786359320153,-0.165970897199487,0.0048154621206655,1.00029623620932
-0.238067375548606,-0.251691792756002,-0.0136244172073958,1.0010420740957
-0.209019141809403,-0.20854619604659,0.000472945762813565,1.00068753416988
-0.327909377519171,-0.325293710569183,0.00261566694998794,1.00187885695214
-0.221765413476876,-0.220020358802208,0.00174505467466779,1.00080336513046
-0.231478878072852,-0.231826241226564,-0.000347363153712504,1.00092001021133
-0.24493597838462,-0.244569842561011,0.000366135823609726,1.00097925275903
-0.211899072272615,-0.208572558884751,0.00332651338786324,1.00070686683443
-0.347750917806833,-0.350073904241041,-0.00232298643420836,1.00203430121917
-0.320972831553948,-0.32402874410542,-0.00305591255147114,1.00185169985842
-0.283555739828046,-0.287922976495616,-0.0043672366675695,1.00143270947295
-0.250429964982878,-0.246073848927021,0.00435611605585737,1.0010720353632
-0.107853013442997,-0.122678315866042,-0.0148253024230458,0.999660725098906
-0.181988962006782,-0.184527374762728,-0.00253841275594607,1.0004325079351
-0.357886777012399,-0.362296685889515,-0.00440990887711573,1.00209362513354
-0.162129694551443,-0.161979034529344,0.000150660022098986,1.00021017724609
-0.237396766573722,-0.23334395871012,0.0040528078636024,1.00096946092636
-0.488318212146745,-0.491186302248731,-0.00286809010198569,1.00345545824881
-0.445493336204945,-0.455200593767772,-0.00970725756282759,1.00306760548963
-0.16088562491246,-0.161469755441912,-0.000584130529452526,1.00025737097189
-0.251749922466083,-0.24752758058924,0.00422234187684342,1.00111888041039
-0.450331146436241,-0.453339428131134,-0.00300828169489364,1.00307015680276
-0.191327625618054,-0.189751687962555,0.00157593765549932,1.00050838407011
-0.255370568934078,-0.254982744329924,0.000387824604153708,1.00109470391894
-0.396730693933009,-0.394046970668887,0.00268372326412225,1.00256823393236
-0.441938909556454,-0.440046191753928,0.0018927178025262,1.00298168481163
-0.392456188000113,-0.397347700556267,-0.00489151255615417,1.00253360638782
-0.246326021832042,-0.247587588464537,-0.00126156663249474,1.00103417057331
-0.167078280748425,-0.170185128143706,-0.00310684739528069,1.0002200992703
-0.276136737618682,-0.272248948522106,0.00388778909657617,1.0012931847581
-0.425610214393143,-0.425412839523356,0.000197374869787437,1.00284639058951
-0.317130218459102,-0.317633544645929,-0.000503326186826358,1.00177012920564
-0.304469304677287,-0.299090476696418,0.00537882798086931,1.00169769294067
-0.257328417203083,-0.262044020474335,-0.00471560327125203,1.00119234059145
-0.240194432884899,-0.232584547849792,0.00760988503510679,1.00101027799311
-0.176358838066012,-0.179807016311508,-0.00344817824549659,1.00037417519309
-0.355924011041938,-0.353306851229202,0.00261715981273558,1.00215023873861
-0.191285394893483,-0.186102688603443,0.00518270629003942,1.00052288454215
-0.260481080930218,-0.257968299105535,0.00251278182468234,1.0011399510579
-0.307249842909062,-0.319461907651255,-0.0122120647421931,1.00166590132507
-0.294330488281116,-0.29900556812334,-0.00467507984222448,1.00158199905047
-0.293482722240823,-0.298382122493111,-0.00489940025228774,1.00148527607034
-0.221703547453539,-0.226030326186736,-0.00432677873319667,1.00078408035709
-0.290015592819877,-0.291691316181244,-0.00167572336136723,1.00153000106231
-0.355155457528466,-0.352486044385929,0.0026694131425371,1.00214665825036
-0.291710132626037,-0.293736787634083,-0.00202665500804589,1.00152504623318
-0.318357690788085,-0.324721205364875,-0.00636351457679035,1.00181826342058
-0.298049794735788,-0.296606589409225,0.00144320532656328,1.00157590993547
-0.514676064254498,-0.511680147539245,0.00299591671525212,1.00372958678458
-0.157720912250261,-0.159030067061148,-0.00130915481088675,1.00013107442962
-0.315358216113844,-0.31852207228773,-0.0031638561738867,1.001765824983
-0.328856591593305,-0.333346619000198,-0.00449002740689342,1.00186533446897
-0.320058048703105,-0.319697326793123,0.000360721909981765,1.00177842051444
-0.207049886130441,-0.20915742883656,-0.00210754270611832,1.00061422797244
-0.119995181707603,-0.12340401801762,-0.00340883631001772,0.999791144592271
-0.228528791071493,-0.224932615927265,0.00359617514422736,1.00088406554083
-0.18101254842912,-0.173278048240373,0.00773450018874691,1.00039395485051
-0.197372613216977,-0.200132152921545,-0.00275953970456747,1.00053497113916
-0.283465689386391,-0.279991377769955,0.00347431161643519,1.00140868394013
-0.31310907037432,-0.310193556447956,0.00291551392636341,1.00171285134463
-0.370169936850808,-0.378544552012129,-0.00837461516132115,1.00225558220844
-0.261097723835041,-0.259523478397191,0.00157424543785056,1.00120707076767
-0.186450089704764,-0.18487479846621,0.00157529123855452,1.00045269490939
-0.335518669306071,-0.331812396405966,0.00370627290010472,1.00194193297325
-0.293001884275119,-0.300737940465247,-0.00773605619012857,1.00150795474379
-0.18289056727613,-0.188532086120639,-0.00564151884450947,1.00039576710686
-0.31937365299879,-0.316053334277342,0.00332031872144789,1.00184330286888
-0.348091225435939,-0.34876309687176,-0.000671871435821259,1.0020645826832
-0.319840850341491,-0.319515183119215,0.00032566722227656,1.00178303714821
-0.370694451239985,-0.361436163477011,0.00925828776297366,1.0023060492599
-0.187918828922543,-0.183823203822795,0.00409562509974831,1.0004479785095
-0.442874865533998,-0.434261311142119,0.00861355439187911,1.00302791739851
-0.22829118446007,-0.225244178856435,0.00304700560363461,1.00080113666299
-0.266059792024067,-0.272479063453216,-0.00641927142914894,1.00125264758604
-0.354927545930772,-0.358213786471526,-0.00328624054075388,1.00210027971668
-0.236217248492574,-0.238248247549947,-0.00203099905737314,1.00096247961195
-0.347535652191179,-0.348522875668534,-0.000987223477354804,1.00207117767484
-0.203471688248325,-0.197861459270579,0.00561022897774624,1.00063159280791
-0.327859577603876,-0.320094912986486,0.00776466461739067,1.00187256850516
-0.257351492133107,-0.246327954242451,0.011023537890656,1.00119994439558
-0.346034720757549,-0.351527012151954,-0.00549229139440494,1.00210412808374
-0.262648548169868,-0.276293024483851,-0.0136444763139826,1.00125344239129
-0.315867266516157,-0.312273619012751,0.00359364750340607,1.00177720241969
-0.223301219432438,-0.220732680676968,0.00256853875546972,1.00081912700809
-0.365420877380608,-0.360800178338278,0.00462069904232987,1.00221947554252
-0.39013871532467,-0.389666337407074,0.000472377917595856,1.00251894326999
-0.305120719794226,-0.308325241014189,-0.00320452121996351,1.00163746747029
-0.295388229081437,-0.285701098497415,0.00968713058402232,1.001526252082
-0.129313093701621,-0.123561070156156,0.00575202354546424,0.999885578975542
-0.335727821600668,-0.336828256959008,-0.00110043535834076,1.00204354034265
-0.221501051019152,-0.219450797888334,0.00205025313081805,1.00082400795824
-0.343538495393749,-0.343718157750556,-0.000179662356807331,1.00203866430745
-0.435393736885864,-0.436789835726994,-0.00139609884113007,1.00296621307062
-0.345092514116465,-0.342793693390032,0.00229882072643306,1.00205794002928
-0.420439775815342,-0.423016788138174,-0.00257701232283208,1.00287878608995
-0.321287090368986,-0.316305792296606,0.00498129807238068,1.00178102309447
-0.313924001237197,-0.314716115605606,-0.000792114368408869,1.00170416513411
-0.21344097943181,-0.209422909964962,0.00401806946684768,1.00079295414914
-0.356238410714708,-0.36319677490381,-0.00695836418910267,1.00218227182317
-0.181263721975977,-0.183418653903937,-0.00215493192796029,1.00042011111247
-0.389713264446146,-0.392222633391664,-0.00250936894551795,1.00251839744767
-0.229917425583042,-0.219544118390043,0.0103733071929985,1.0008938042556
-0.35911387190695,-0.3584084313508,0.000705440556150128,1.00219969722321
-0.287710452207247,-0.290436376280193,-0.00272592407294614,1.00144536764169
-0.353719177993277,-0.355497299522498,-0.00177812152922102,1.00212114202592
-0.249194127243862,-0.245822067335888,0.00337205990797459,1.00106927611983
-0.362172996225092,-0.357318557334554,0.00485443889053788,1.00220892491466
-0.373109051003326,-0.372930501616478,0.000178549386848359,1.00234272606889
-0.228604381641288,-0.234486400801424,-0.00588201916013537,1.00084338891756
-0.266850330852772,-0.270504521495673,-0.00365419064290062,1.00127769952085
-0.268227192000767,-0.261906447924369,0.00632074407639832,1.00123940074416
-0.403532306339829,-0.396022376332705,0.00750993000712386,1.00262465814626
-0.293359779800277,-0.293492185030387,-0.000132405230109989,1.00154340403391
-0.160718847034717,-0.149927266444914,0.0107915805898029,1.00017682893932
-0.20052908848186,-0.202380315709633,-0.00185122722777289,1.00060723700965
-0.253198154245074,-0.254167675603707,-0.000969521358633485,1.00115452700892
-0.247175238606824,-0.24313179878324,0.00404343982358416,1.00106186587009
-0.299308868025601,-0.292402655788442,0.00690621223715887,1.00158380310221
-0.420034817130458,-0.422298067399337,-0.00226325026887919,1.00276760720992
-0.180524725616432,-0.172612334352438,0.00791239126399443,1.00046836453629
-0.26044644735562,-0.272096770065664,-0.0116503227100448,1.00121313770482
-0.227710198160764,-0.227233734511862,0.00047646364890197,1.00085011924647
-0.312093094564113,-0.319477629151476,-0.00738453458736393,1.00175301170101
-0.250359294007339,-0.243270309900811,0.00708898410652778,1.00110932297373
-0.304988182289497,-0.306664937449889,-0.00167675516039201,1.0015941723798
-0.392246457716833,-0.389265078783314,0.00298137893351891,1.00250637463289
-0.237250430234539,-0.23180695848016,0.00544347175437876,1.00098205718141
-0.320271296790852,-0.308867356222009,0.011403940568843,1.00179149116278
-0.275348221502579,-0.272955158918778,0.00239306258380095,1.00134392749745
-0.167924731234641,-0.170067609725295,-0.00214287849065392,1.0003104512228
-0.340165384910543,-0.333591848260304,0.00657353665023896,1.00204773820875
-0.223429514724985,-0.225799700064912,-0.002370185339927,1.00082733929579
-0.245842920848595,-0.253226388182851,-0.00738346733425574,1.00106619158228
-0.316567205712527,-0.323000103288635,-0.00643289757610821,1.00173651638682
-0.40335742200909,-0.402378881385085,0.000978540624004931,1.00256421436315
-0.322144002658165,-0.325368123441359,-0.00322412078319467,1.00183259510436
-0.30181827238859,-0.302040162479308,-0.000221890090717991,1.00156722256588
-0.290995408384688,-0.286206215067626,0.00478919331706124,1.00150558893784
-0.41490001458973,-0.413536987189437,0.00136302740029326,1.00268764857696
-0.409624004819091,-0.407763806908963,0.0018601979101282,1.00263510504811
-0.202127500353995,-0.210347763562258,-0.00822026320826325,1.00065274238932
-0.278142094494432,-0.266890844947462,0.0112512495469699,1.0013519162342
-0.214431558630845,-0.209045178092924,0.00538638053792062,1.00068405019392
-0.281697712945463,-0.275645654547715,0.00605205839774842,1.00139177098899
-0.326221463780223,-0.325426929822446,0.000794533957777288,1.00183711382694
-0.255631163540254,-0.260856515746377,-0.00522535220612308,1.00116070244293
-0.268453910789484,-0.269788009326569,-0.00133409853708438,1.0012899812347
-0.28327786077515,-0.284174684187057,-0.000896823411906333,1.00147340608715
-0.15708318265768,-0.158322224498944,-0.00123904184126353,1.00016476406896
-0.316654827431467,-0.306134845398268,0.0105199820331993,1.00173033541244
-0.260364106985652,-0.259123893463895,0.00124021352175724,1.0011776326771
-0.336833132012406,-0.346175506923319,-0.00934237491091289,1.00196131830381
-0.224840036283745,-0.218181670005655,0.00665836627808952,1.00083185541179
-0.177301745213529,-0.174052314717051,0.00324943049647836,1.00039162429222
-0.244712828376832,-0.247410974003833,-0.00269814562700063,1.00107909526843
-0.292519446454317,-0.290413889641471,0.00210555681284674,1.00151154371701
-0.247435586871547,-0.251423479417239,-0.00398789254569182,1.0011028283917
-0.171433301894933,-0.175412512371696,-0.00397921047676306,1.00032556669015
-0.224572478170298,-0.231535220872389,-0.00696274270209107,1.00083688345177
-0.173545390990628,-0.171842002202622,0.00170338878800627,1.00035524938305
-0.263629075777521,-0.264938656095249,-0.00130958031772832,1.00125148314815
-0.373995718562004,-0.370656094682753,0.00333962387925141,1.00237755840762
-0.227596569533759,-0.224197220774104,0.00339934875965511,1.00087033443197
-0.228873604149365,-0.223098858915306,0.00577474523405924,1.00090791425273
-0.162773380304501,-0.157505192651614,0.0052681876528877,1.00019710041379
-0.241661698299518,-0.245305881461394,-0.00364418316187604,1.00098129232381
-0.331268711801383,-0.334638226411457,-0.00336951461007384,1.00193239815002
-0.217187814434976,-0.216387658578464,0.000800155856512247,1.00074164973792
-0.303905159614115,-0.309416788190091,-0.00551162857597592,1.00161423905029
-0.159697299808759,-0.157850090944525,0.00184720886423331,1.00019476473283
-0.28237091013185,-0.281679333356359,0.000691576775490088,1.00134810272257
-0.168114505269905,-0.168302737921954,-0.000188232652049009,1.00030608343632
-0.404366948309044,-0.401564874083238,0.00280207422580597,1.00262749703697
-0.223790837853006,-0.22413405869383,-0.000343220840823971,1.00079079851523
-0.411485779194792,-0.403855819510843,0.00762995968394903,1.00268144863876
-0.256719715488918,-0.256035368001483,0.000684347487435233,1.00112678123558
-0.410960242556722,-0.402425225137832,0.00853501741889001,1.00272632626947
-0.253246100357821,-0.255771956685271,-0.00252585632745078,1.00108442422498
-0.284443723094229,-0.282400056252241,0.00204366684198848,1.00145745525436
-0.304881597726598,-0.301432294069137,0.0034493036574611,1.00163509544253
-0.377358237936172,-0.379756120881034,-0.0023978829448621,1.00236363556248
-0.246018870369746,-0.248110823248851,-0.00209195287910463,1.00101929460468
-0.24153715286383,-0.238715550004467,0.00282160285936328,1.00101954982317
-0.176344737077141,-0.175901223811557,0.0004435132655842,1.00036171744477
-0.251768347142019,-0.254570989420046,-0.00280264227802701,1.00112405870259
-0.451521580371345,-0.450732188231867,0.000789392139478429,1.00314422835668
-0.304033017451631,-0.301367105097514,0.00266591235411689,1.00160727911227
-0.3347447204447,-0.325117238815952,0.00962748162874794,1.00191386674099
-0.372289516841618,-0.370114345337692,0.00217517150392593,1.00228867383162
-0.198357681499307,-0.188764832411969,0.00959284908733732,1.00058077060483
-0.218130480921447,-0.217888392651895,0.00024208826955141,1.0008146590671
-0.259911502843088,-0.257966090309681,0.00194541253340669,1.001106674301
-0.453982683313529,-0.45449293985762,-0.000510256544091536,1.00312242993922
-0.165438482238502,-0.163044842917584,0.00239363932091766,1.00026720013722
-0.299591786492212,-0.303695666072899,-0.00410387958068642,1.00159622680807
-0.288127604757893,-0.283832114767016,0.00429548999087653,1.00145766631669
-0.384699540747139,-0.381919001555354,0.00278053919178423,1.00239453151612
-0.189723503990217,-0.19217573726941,-0.00245223327919336,1.00049389490326
-0.0973384297216521,-0.0971743556929885,0.000164074028663544,0.999555597105597
-0.297457526129779,-0.290734145100106,0.00672338102967285,1.00156902249849
-0.413835247867575,-0.406434202673145,0.00740104519442963,1.00263227987116
-0.125305535275115,-0.12499910995023,0.000306425324885229,0.999862354017117
-0.274006852661391,-0.277532069634195,-0.00352521697280389,1.00132026107153
-0.412796000595459,-0.408810138490627,0.00398586210483226,1.00267697437696
-0.308489957917787,-0.314883159748698,-0.00639320183091158,1.00166070746024
-0.373479627269121,-0.379553233621484,-0.00607360635236359,1.00239579698164
-0.398300829051535,-0.402098584821933,-0.00379775577039765,1.0025347609086
-0.318765443921916,-0.320592977328028,-0.00182753340611175,1.0017745545553
-0.364326707452131,-0.368638264151256,-0.00431155669912553,1.00225592091343
-0.252133290752763,-0.252812195382213,-0.000678904629450083,1.00108656221136
-0.29608352593815,-0.297949604959831,-0.00186607902168096,1.00153146661334
-0.290409339180002,-0.293908589882822,-0.0034992507028197,1.00150660294057
-0.296211284836354,-0.293576499257023,0.00263478557933111,1.00152582711127
-0.254363383717192,-0.251148463021075,0.00321492069611728,1.00113550413045
-0.273032481444273,-0.267907765241771,0.00512471620250182,1.00134105159468
-0.185887236741817,-0.182440804474663,0.00344643226715352,1.00049996376669
-0.287995691554629,-0.285865123459161,0.00213056809546741,1.00147678274287
-0.27714583000474,-0.276598195613571,0.000547634391168672,1.00138713180534
-0.424136142465535,-0.433454964391746,-0.00931882192621125,1.00283762521273
-0.316888936681974,-0.322117526585047,-0.00522858990307307,1.00180410530651
-0.276041126717761,-0.274071545067763,0.00196958164999866,1.00128690797686
-0.289768873434722,-0.287892415079421,0.00187645835530176,1.00147478911965
-0.284013300227541,-0.287526974812857,-0.0035136745853156,1.00142872446578
-0.248591518249974,-0.247271799945332,0.00131971830464148,1.00106591733479
-0.262935095324758,-0.261039154256189,0.00189594106856911,1.00125663763101
-0.0858772290812193,-0.0771286729134508,0.00874855616776857,0.999446555018591
-0.359955136001202,-0.35879289350911,0.00116224249209212,1.0022678481057
-0.258969427091821,-0.25891196960023,5.74574915907511e-05,1.00116852163633
-0.239637444269818,-0.249506452382084,-0.00986900811226635,1.00097574912348
-0.368850234109163,-0.355954176671867,0.0128960574372965,1.00226197058507
-0.271621240078244,-0.268100196854226,0.00352104322401797,1.00127001303058
-0.131947983877999,-0.141366588028438,-0.00941860415043938,0.999954797432216
-0.337124559776925,-0.346039011269413,-0.00891445149248815,1.00197223852133
-0.431429436157233,-0.432586087066924,-0.00115665090969047,1.00289491535078
-0.344546080644272,-0.347395221519387,-0.00284914087511512,1.00208172753792
-0.241916626302207,-0.23671786256519,0.00519876373701719,1.0009432007703
-0.293548773770436,-0.300855683206222,-0.00730690943578599,1.00155584767147
-0.330414017735645,-0.332158892416095,-0.00174487468045009,1.00189599454584
-0.225666899507598,-0.2227257516533,0.00294114785429778,1.00084784547816
-0.332991311651374,-0.321655762759139,0.0113355488922347,1.00194115439496
-0.440772390862676,-0.439337193761207,0.00143519710146894,1.00298154624838
-0.384159872694619,-0.388745674125812,-0.00458580143119286,1.0024243871897
-0.362878836635599,-0.369339076618015,-0.00646023998241585,1.00219078585201
-0.41142301022208,-0.406128377552893,0.005294632669187,1.00276528455346
-0.389948531524204,-0.385863177622595,0.00408535390160975,1.00255046820159
-0.312811702611811,-0.312555407428175,0.000256295183636013,1.00176789913655
-0.323237288331721,-0.328273066940438,-0.00503577860871646,1.00184162083423
-0.317494353205781,-0.314838504597573,0.00265584860820778,1.00181212481817
-0.222682102156317,-0.213252052323718,0.00943004983259915,1.00086856392654
-0.170576256204575,-0.169647273430731,0.000928982773843401,1.00034660783355
-0.137014806526096,-0.138599184744766,-0.00158437821866964,0.999981275850975
-0.383635246896748,-0.385696954176521,-0.0020617072797729,1.00245401635445
-0.298924494287075,-0.294161330937382,0.00476316334969296,1.00158395275751
-0.273854820130655,-0.275539314935261,-0.0016844948046062,1.00133021732428
-0.306683907575858,-0.317043514272179,-0.0103596066963209,1.00168975661446
-0.252328469966405,-0.254305096543536,-0.00197662657713066,1.00116619073504
-0.233214655423699,-0.230361152205697,0.00285350321800229,1.00090110790628
-0.432789434573759,-0.432498424327579,0.000291010246180556,1.00287886633503
-0.274963405898492,-0.27347646344136,0.00148694245713193,1.00132998991171
-0.272527747882078,-0.273018410595936,-0.000490662713857948,1.00137487140381
-0.277407434322955,-0.276588999206601,0.000818435116354321,1.0013302065328
-0.240277919359084,-0.246197551747667,-0.00591963238858309,1.00099523049172
-0.145935112521069,-0.155563750276761,-0.00962863775569203,1.00015503473369
-0.313437182974152,-0.315225514425994,-0.00178833145184243,1.00172907545746
-0.102188057340634,-0.101635356776947,0.000552700563687211,0.999657617317201
-0.388833193606204,-0.384655233553946,0.00417796005225757,1.00247226241156
-0.313819172240566,-0.302879832917075,0.0109393393234909,1.00169597285307
-0.18960708777936,-0.183925507151505,0.00568158062785482,1.00046666173919
-0.266526360360599,-0.26908721615351,-0.00256085579291099,1.00123825302257
-0.216807120943593,-0.214142659231664,0.00266446171192863,1.00079415773856
-0.183443264181695,-0.187942518778127,-0.00449925459643202,1.00040186241273
-0.122192259185936,-0.120109347356822,0.00208291182911331,0.999833539614314
-0.338774394662725,-0.341850117584188,-0.00307572292146302,1.00192749861085
-0.268368614470381,-0.2791799521616,-0.0108113376912189,1.00124857868296
-0.320382902319267,-0.317061691496189,0.00332121082307812,1.00180976269286
-0.286319999687742,-0.282017861707145,0.00430213798059709,1.00149217727437
-0.361878268007656,-0.363731547831868,-0.00185327982421202,1.0022187130259
-0.416287914658968,-0.414762973731039,0.00152494092792871,1.0027198225756
-0.345644226585712,-0.337807045821132,0.0078371807645799,1.00209291876067
-0.278693167226582,-0.272633636402795,0.00605953082378724,1.00140307102429
-0.287980332928557,-0.301362450087739,-0.0133821171591822,1.0014474421844
-0.236734760539144,-0.23309309845773,0.00364166208141464,1.00094187009478
-0.256817162966692,-0.26132019166425,-0.00450302869755764,1.00121538369137
-0.305657644109673,-0.30463624184826,0.00102140226141284,1.00168703113093
-0.319276993539248,-0.326437019090585,-0.00716002555133777,1.00175785957441
-0.316043255360439,-0.320919104075871,-0.00487584871543217,1.00177057120806
-0.0927309085861705,-0.093336556164089,-0.000605647577918436,0.999535707691152
-0.224605514727568,-0.223415771419338,0.00118974330823027,1.00087649299031
-0.283402309966417,-0.285066006451025,-0.00166369648460807,1.00144540747883
-0.455177976519263,-0.451961660529439,0.00321631598982469,1.00311201232232
-0.400712599094423,-0.402043263688527,-0.00133066459410369,1.00259778190561
-0.357254622921608,-0.352784690917155,0.00446993200445334,1.00217108027618
-0.180900384927204,-0.17888990895343,0.00201047597377396,1.00043014226386
-0.235151938211055,-0.237011825582549,-0.00185988737149451,1.00088771834621
-0.141782663126935,-0.135415897766225,0.00636676536071007,1.00004240678326
-0.24055213656642,-0.235976322247642,0.00457581431877813,1.00101693223723
-0.409598619806338,-0.395087967118206,0.0145106526881316,1.00264764390653
-0.325756045803388,-0.32972855168417,-0.00397250588078163,1.00187583442467
-0.323220499116371,-0.322478890081555,0.000741609034815738,1.00179550731107
-0.17996076413606,-0.181445984469742,-0.00148522033368287,1.00040507271367
-0.350753669474163,-0.35785502610183,-0.00710135662766781,1.00207782800046
-0.264134227700573,-0.265011138463374,-0.000876910762800776,1.00122251264053
-0.157089119820731,-0.154693547469446,0.00239557235128485,1.00016061935555
-0.242794823993762,-0.24224921322779,0.000545610765971594,1.00100774180746
-0.286369120826443,-0.293278872198777,-0.00690975137233457,1.00148776690972
-0.135371368999198,-0.131493045229651,0.00387832376954667,0.999943113279786
-0.312122941307765,-0.324487117901784,-0.0123641765940189,1.00173170714853
-0.385507799776407,-0.385439141562762,6.86582136448788e-05,1.00242147192674
-0.277589374113326,-0.274883121127593,0.00270625298573279,1.00130581988229
-0.149075637738484,-0.143933697618688,0.0051419401197961,1.0000406363587
-0.306062929168083,-0.306339899289421,-0.000276970121338038,1.00165006402414
-0.468576739123571,-0.454690620593973,0.0138861185295985,1.00328576484725
-0.20611317871291,-0.207813866764281,-0.00170068805137116,1.00062637867528
-0.148094722718442,-0.1405844595013,0.00751026321714207,1.00004126287585
-0.367131502633884,-0.377184014547988,-0.0100525119141045,1.00226200610355
-0.139766147304779,-0.139649220174682,0.000116927130096894,1.00000227063888
-0.280436835971903,-0.28015146507656,0.000285370895342529,1.00134695643085
-0.367481942724144,-0.369553308515186,-0.00207136579104128,1.00228808355397
-0.334313038669752,-0.332396046044949,0.00191699262480327,1.00193679168743
-0.247220580020686,-0.246391932773911,0.000828647246774422,1.00108475442384
-0.387099754038153,-0.385615321331236,0.00148443270691695,1.00244591800846
-0.327959684451951,-0.332304809640744,-0.00434512518879315,1.00183117652573
-0.030508884822363,-0.0369982404023699,-0.00648935558000694,0.998934346959358
-0.361322823496819,-0.368199720706476,-0.00687689720965623,1.00219266758095
-0.244372207549997,-0.249671065204696,-0.00529885765469962,1.00107594373837
-0.287150746044158,-0.281140758544736,0.00600998749942128,1.00150646083437
-0.251386531776148,-0.253646681034006,-0.00226014925785806,1.00112185957091
-0.116992055499129,-0.109551579244581,0.00744047625454859,0.99976291700041
-0.280373347420559,-0.282518756828644,-0.00214540940808461,1.00137932512767
-0.208773533028751,-0.213819317248266,-0.00504578421951504,1.00062160046004
-0.298162171747418,-0.300768407192266,-0.002606235444848,1.00156894709842
-0.416893132997975,-0.417401758842778,-0.000508625844803157,1.00277672164828
-0.122879563619268,-0.121735899213677,0.00114366440559083,0.999807409905022
-0.301157360178113,-0.294631248212329,0.00652611196578373,1.00161940468327
-0.253231846793311,-0.258312518926469,-0.00508067213315838,1.00114125033131
-0.247947045781572,-0.253335734986149,-0.00538868920457608,1.00100784443661
-0.236777505296674,-0.244834062514214,-0.00805655721754037,1.00096223810961
-0.200474688911283,-0.2037306010536,-0.00325591214231716,1.00059844487413
-0.190851646353511,-0.193285941269012,-0.00243429491550015,1.00048924175973
-0.2504529262334,-0.244219245607303,0.00623368062609683,1.00113046378209
-0.195042060082775,-0.188324995135708,0.00671706494706673,1.00057073737241
-0.463902385788893,-0.466606044296421,-0.00270365850752791,1.00322333322251
-0.314721916334302,-0.314814847928848,-9.29315945452647e-05,1.00170641111831
-0.273475469160863,-0.275366453252984,-0.00189098409212107,1.00130130972637
-0.238836449192374,-0.237496159719319,0.00134028947305459,1.00102362550854
-0.323932158096171,-0.319095478636622,0.00483667945954885,1.00184969497938
-0.444434288877147,-0.446509818207398,-0.00207552933025085,1.00306709443433
-0.338989679663379,-0.349418361394192,-0.0104286817308132,1.00198355145251
-0.262898873103882,-0.266630536454708,-0.00373166335082586,1.00115901063583
-0.321402116895057,-0.316832744914677,0.0045693719803801,1.00178245291253
-0.277039275696204,-0.275236992504935,0.00180228319126874,1.00127669906697
-0.228970345326006,-0.222492062596913,0.00647828272909209,1.00082364876249
-0.239532509604632,-0.241614881729143,-0.00208237212451112,1.00096909354525
-0.174625476070368,-0.170875922608208,0.00374955346215958,1.00026537791101
-0.329735307019994,-0.327060668895871,0.00267463812412327,1.00187675599773
-0.317754893397343,-0.317700499516558,5.43938807843203e-05,1.00175092039848
-0.338889702200069,-0.344780693529219,-0.00589099132915005,1.00201649725351
-0.268742598843625,-0.262170460046104,0.00657213879752072,1.00127847133587
-0.368620601204286,-0.36843834702042,0.000182254183865804,1.00225823818706
-0.218156053147097,-0.21066613387214,0.0074899192749574,1.00077311415539
-0.313647633373658,-0.311056130156599,0.00259150321705881,1.00173106731427
-0.315890841935999,-0.313240401186912,0.00265044074908755,1.00174021049982
-0.369837842868759,-0.367019842914725,0.00281799995403381,1.00229215631074
-0.347988663118493,-0.34737894166086,0.000609721457633328,1.00210694462378
-0.32634843021318,-0.328105265458659,-0.0017568352454792,1.00182435189814
-0.133276478224032,-0.132321522529487,0.000954955694544957,0.999959747989761
-0.414463349138585,-0.414748976820642,-0.00028562768205731,1.0027599933751
-0.165344376693615,-0.168439819418525,-0.00309544272491086,1.00024830111623
-0.225042854595702,-0.233370017729945,-0.00832716313424356,1.00086018090291
-0.305711177711174,-0.298986775879349,0.00672440183182482,1.00166393236335
-0.190174953477536,-0.198379706568846,-0.00820475309131022,1.00054710155924
-0.177812142483648,-0.1772397405649,0.0005724019187478,1.00041204986028
-0.267761189236319,-0.262100135404705,0.00566105383161408,1.00126907082102
-0.283674644934567,-0.285446258721851,-0.00177161378728419,1.00143620489205
-0.308990419258574,-0.303525141671543,0.00546527758703053,1.00164361013542
-0.242558363308866,-0.231569697817334,0.0109886654915313,1.00101030891864
-0.235295040409853,-0.237517732098241,-0.00222269168838737,1.00093483590612
-0.40705321213307,-0.395283071884529,0.0117701402485416,1.00262820987013
-0.252386211434436,-0.253537430312413,-0.00115121887797659,1.00111923743495
-0.335470601248769,-0.332536875242897,0.00293372600587222,1.00199187169832
-0.336999263246301,-0.339605695076193,-0.00260643182989179,1.00197748093512
-0.162204782392334,-0.165111245409132,-0.00290646301679851,1.00016981999462
-0.335440932012811,-0.337577501340613,-0.00213656932780182,1.00193233657084
-0.225315649843138,-0.229976209154492,-0.0046605593113539,1.00082743680752
-0.278030341204422,-0.284559664497445,-0.00652932329302314,1.00135060332254
-0.190448234642698,-0.182439388277028,0.00800884636567048,1.00048419438716
-0.225947443722782,-0.22856508045306,-0.00261763673027751,1.00083467660176
-0.26594750961545,-0.264064309749773,0.00188319986567703,1.00125168151298
-0.259022204212823,-0.250031585383073,0.00899061882974989,1.00114626363104
-0.217865728627977,-0.211946364839919,0.00591936378805868,1.00073993720584
-0.326188385675559,-0.326952251976481,-0.0007638663009224,1.00181977184593